{"cameraMode":{"drawMode":0,"name":"Shaded","section":"Shading Mode"},"sceneLighting":true,"audioPlay":false,"sceneViewState":{"showFog":true,"showMaterialUpdate":false,"showSkybox":true,"showFlares":true,"showImageEffects":true,"showParticleSystems":true},"in2DMode":false,"pivot":{"x":2.6108617782592775,"y":3.21612286567688,"z":-1.2870502471923829},"rotation":{"x":-0.009005555883049965,"y":-0.029397612437605859,"z":0.00026510690804570913,"w":-0.9995298981666565},"size":25.783369064331056,"orthographic":false}