{"cameraMode":{"drawMode":0,"name":"Shaded","section":"Shading Mode"},"sceneLighting":true,"audioPlay":false,"sceneViewState":{"showFog":true,"showMaterialUpdate":false,"showSkybox":true,"showFlares":true,"showImageEffects":true,"showParticleSystems":true},"in2DMode":false,"pivot":{"x":7.276152610778809,"y":-4.901151180267334,"z":3.6744165420532228},"rotation":{"x":-0.12435489147901535,"y":-0.04552988335490227,"z":0.005712195765227079,"w":-0.9911767840385437},"size":29.392122268676759,"orthographic":false}