{"cameraMode":{"drawMode":0,"name":"Shaded","section":"Shading Mode"},"sceneLighting":false,"audioPlay":false,"sceneViewState":{"showFog":true,"showMaterialUpdate":false,"showSkybox":false,"showFlares":true,"showImageEffects":true,"showParticleSystems":true},"in2DMode":false,"pivot":{"x":-0.695787250995636,"y":1.06812584400177,"z":-2.9103641510009767},"rotation":{"x":-0.009308894164860249,"y":-0.011402834206819535,"z":0.00010622047557262704,"w":-0.9998924732208252},"size":11.749610900878907,"orthographic":false}